,Model,Accuracy Metric,Normalized RMSE,R2,MAE,RMSE_score,R2_score,score,Final_Rank
0,Shifted Autoregressive,0.8722500964878426,0.06698081044771725,0.8951668674644344,671.8224555319813,1.0,2.0,1.2000000000000002,1.0
1,XGBoost,0.8300341296928327,0.07879413185844794,0.9501565956015346,698.3220305834062,2.0,1.0,1.8,2.0
2,Random Forest,0.701023890784983,0.10540793565817685,0.8739532104572727,1105.0111301417899,3.0,3.0,3.0000000000000004,3.0
3,Autoregressive,0.726,0.12061960385982733,0.761,1189.0,4.0,5.0,4.2,4.0
4,"Linear Regression (GHI, DNI)",0.6549488054607508,0.12072274233058158,0.8346655492475786,1330.7575411765256,5.0,4.0,4.8,5.0
5,Linear Regression (GHI),0.6051194539249147,0.15073803126812932,0.7422309030668649,1919.8666289658556,6.0,6.0,6.000000000000001,6.0
6,Two Random Forests,0.315,0.15820213306246825,0.716,2195.0,7.0,7.0,7.000000000000001,7.0
7,ARIMA,0.0,9999.0,0.0,9999.0,8.0,8.0,8.0,8.0
